Website,Projects,,Member,project_id,date,time
https://diamondnails160.com/,95678SE1 PROX3 Diamond Nails,,Tony,3006,4/1,11:13
https://sweetynailsspa.com/,77084SE1 PROX3 CITY NAILS,,Lucas,3028,4/1,11:46
https://kstnailloungetampa.com,33625SE1 PROX3 KST NAIL LOUNGE,,Davis,2963,4/1,11:50
https://avenirnaillounge.com/,75065SEM PROX4 Avenir Nail Lounge,,Alex,647,4/3,12:08
https://dlnailsnspa.com,52807SE1 PROX3 DL NAILS AND SPA,,Allen,3029,4/1,11:59
https://rejuvenatenailspaohio.com/,43235SE1 PROX3 REJUVENATE NAIL SPA,,Davis,3338,4/2,11:13
https://tranquilnailspa.com/,94403SE1 PROX3 TRANQUIL NAIL SPA,,Tony,2960,4/2,11:42
https://mibellanaillounge.macmar.us/,77449SE1 PROX3 MIBELLA NAIL LOUNGE & SALON SUITE INC,,Lucas,3013,4/2,11:44
https://vivanailsandspachino.com/,91710SEM PROX4 VIVA NAILS & SPA,,Allen,641,4/2,15:36
https://thenailplaceofcharleston.com/,29401SEM PROX4 The Nail Place Of Charleston,,Tony,632,4/3,11:33
https://blushnailbarca.com/,92844SE1 PROX3 BLUSH NAIL BAR,,Lucas,2990,4/3,11:34
https://gtnailsandspa.com,92610SE1 PROX3 GT Nails & Spa,,Davis,631,4/3,11:43
https://glamournailsspasd.com/,57106SE1 PROX3 Glamour Nails & Spa,,Alex,2959,4/1,13:34
https://amournailsbarweirton.com,26062SE1 PROX3 Weirton Nails & Spa,,Allen,2997,4/3,12:13
https://uminailsspa.com/,32836SE1 PROX3 U MI NAILS SPA,,Tony,3002,4/6,11:26
https://lumeranailspa.com/,91311SE1 PROX3 LUMERA NAIL SPA,,Lucas,3009,4/6,11:53
https://americannailbarmansfield.com/,76063SE1 PROX3 American Nail Bar,,Davis,3003,4/6,11:56
https://leonaildesign.com/,02169SE1 PROX3 LEO NAIL DESIGN,,Alex,3008,4/6,11:58
https://kimnailsjohnson.com,37601SE1 PROX3 KIM NAILS,,Allen,3011,4/6,16:53
https://julienailbar.com,58201SE1 PROX3 JULIE'S NAIL BAR,,Tony,635,4/7,11:20
https://joliesnailarcadia.macmar.us/,91006SE1 PROX3 JOLIE'S NAIL,,Lucas,3055,4/7,11:25
https://lamodenailsspaglenview.com,60025SE1 PROX3 La Mode Nails Spa,,Davis,2975,4/7,11:29
https://allurenailspa.macmar.us/,77346SE1 PROX3 Allure Nails & Spa,,,3041,,
https://lavishnaillux.com/,60543S00 Lavish Nails Spa,,Allen,3014,4/7,10:44
https://123nailsalon.macmar.us/,60605SEM PROX4 123 NAIL SALON,,Tony,3035,4/8,10:33
https://envynail.macmar.us/,63801SE1 PROX3 ENVY NAIL,,Leo,2964,4/8,11:04
https://grandblancnailsandspa.com/,48439SEM PROX4 GRAND BLANC NAILS & SPA,,Lucas,2977,4/8,11:27
https://allennailspa.macmar.us,75002S00 Allen Nail Spa,,Davis,3044,4/8,12:04
https://bloomfieldnailsmi.macmar.us/,48084SEM PROX4 Bloomfield Nails and Spa of Troy,,Alex,3067,4/8,13:51
https://bnailssanmarcostx.com/,78666SE1 PROX3 B Nails,,Allen,2993,4/8,16:32
https://voguenailsanddayspaok.com,74037SE1 PROX3 Vogue Nails and Day Spa,,Tony,3019,4/9,11:19
https://hairsalonbymojan.macmar.us/,78240SCM PROX4 Hair Salon by Mojan,,Alex,2967,4/9,11:54
https://happynailsbar.macmar.us/,32092SE1 PROX3 HAPPY NAILS BAR,,Lucas,3089,4/9,11:56
https://deluxenailsbartomsriver.com,08755SE1 PROX3 Deluxe Nails Bar,,Allen,3020,4/9,11:57
https://urbannailsandover.com,67002SE1 PROX3 URBAN NAILS ANDOVER,,Davis,3023,4/9,12:03
https://discoverynailsandspa.macmar.us/,77584SE1 PROX3 DISCOVERY NAILS & SPA,,Allen,2992,4/10,11:46
https://vivinailslaurel.com/,20708SEM PROX4 Vivi Nails,,Lucas,3053,4/10,11:51
https://nobelnailsbarcinco.com/,77494SE1 PROX3 NOBEL NAILS BAR,,Alex,3052,4/10,11:54
https://demo.blissdayspa.info,79906SE1 PROX3 BLISS DAY SPA,,Davis,3051,4/10,12:07
https://exquisitenailsgrovetown.macmar.us/,30813SE1 PROX3 EXQUISITE NAILS,,Tony,3022,4/10,13:53
https://arianailspa906.com,60605SCM PROX5 ARIA NAIL SPA,,Tony,3001,4/13,10:35
https://topteknailspa.com/,76014SE1 PROX3 TOPTEK NAIL SPA,,Lucas,3010,4/13,10:59
https://urbannailtown.com/,30742S00 URBAN NAIL TOWN,,Leo,3069,4/13,11:23
https://vienailsspa.com/,77389SEM PROX4 VIE NAILS & SPA,,Alex,3048,4/13,11:23
https://victorianailswaxlashes.com,"33062SEM PROX4 Victoria Nails,Wax,Lashes",,Allen,3043,4/13,15:00
https://hottnailspa.com,15122SE1 PROX3 HOTT NAILS,,Davis,3007,4/13,15:59
https://graftonbeautyyorktown.com,23692SE1 PROX3 Grafton Beauty,,Davis,3017,4/14,11:18
https://escapenailsspa.macmar.us/,23226SEM PROX4 ESCAPE NAILS & SPA,,Tony,3062,4/14,11:40
https://villagionailslounge.com/,78070SEM PROX4 VILLAGIO NAILS LOUNGE,,Lucas,3036,4/14,11:50
https://hbcnailsnspa.com,89052SE1 PROX3 HBC Nails and Spa,,Allen,2976,4/14,11:53
https://thekhnaildallas.com,75205SEM PROX4 THE KH NAIL LLC,,Alex,3090,4/14,11:58
https://lynailsandspacommercetownship.com,48382SE1 PROX3 LY NAILS & SPA,,Alex,2974,4/2,12:02
https://glonailandspatulsa.com/,74145SE1 PROX3 Glo Nail & Spa,,Tony,3058,4/15,11:10
https://serenitynailspa.macmar.us/,32117SEM PROX4 SERENITY NAIL SPA,,Allen,3015,4/15,10:53
https://mansionnailslounge.com/,12590SE1 PROX3 Mansion Nail Lounge,,Alex,2989,4/15,11:15
https://luxenailsspa.macmar.us,76504SE1 PROX3 Luxe Nails & Spa,,Davis,2999,4/15,14:13
https://skynailspa.macmar.us/,57106SE1 PROX3 SKY NAIL SPA,,Lucas,3060,4/15,15:07
https://relaxnailspawarnerrobins.com,31093SE1 PROX3 RELAX NAIL SPA,,Tony,3057,4/16,10:10
https://galaxynailsspa76227.com/,76227SEM PROX4 Galaxy Nails & Spa,,Leo,3078,4/16,11:03
https://youandmenailsspa.com,20754SE1 PROX3 You and Me Nails Spa,,Davis,3063,4/16,11:06
https://1polishednails.com/,75231SE1 PROX3 #1 Polished Nails & Spa,,Allen,3079,4/16,11:55
https://shapenails.macmar.us/,78130SE1 PROX3 SHAPES NAILS,,Alex,3072,4/16,11:55
https://epiknailsalon.macmarketing.us/,7311600M Epik Nail Salon,,Davis,3027,4/16,15:41
https://nancysnailsandspa.com,02180SE1 PROX3 NANCY'S NAILS & SPA,,Davis,3004,4/17,11:05
https://livinailsspa.macmarketing.us/,98387SE1 PROX3 Livi Nails And Spa,,Leo,3103,4/17,11:05
https://musenailslounge.macmar.us/,33713SE1 PROX3 MUSE NAIL LOUNGE,,Tony,3105,4/17,11:27
https://vstarsnailsbarfavesalon.com/,21502SE1 PROX3 V Stars Nails & Bar,,Lucas,3080,4/17,11:31
https://supernails.us/,98662SE1 PROX3 SUPER NAILS AND SPA,,Allen,3100,4/17,11:55
https://nailstudiospamontgomery.com/,36106SE1 PROX3 NAIL STUDIO & SPA,,Alex,3037,4/17,11:49
https://aandtnailsalonrome.macmarketing.us/,30161SE1 PROX3 A&T Nails Salon,,Allen,3093,4/20,10:33
https://olionailfishers.macmarketing.us/,46037SE1 PROX3 Olio Nail & Spa,,Tony,3075,4/20,11:18
https://lnnailsforto.com/,30742SE1 PROX3 L&N NAILS,,Lucas,3071,4/20,11:19
https://ksnailsspa.macmarketing.us/,78252SE1 PROX3 KS NAILS & SPA,,Alex,3021,4/20,11:55
https://soqnailsspa.com,91324SE1 PROX3 SOQ NAILS,,Davis,3102,4/20,11:57
https://lcsnailsfriscotx.com,75034SEM PROX4 LCS Nails Frisco,,Tony,3046,4/21,11:01
https://phoenixnailspa.macmarketing.us/,30075SEM PROX4 Phoenix Nails & Spa LLC,,Allen,2994,4/21,11:08
https://luxinailbarsedalia.com,65301SE1 PROX3 LUXI Nail Bar,,Davis,3049,4/21,11:34
https://vipnailsandspakingwood.com/,77339SE1 PROX3 VIP Nails & Spa Kingwood,,Lucas,3073,4/21,11:53
https://kathysnailslongview.com/,75605SE1 PROX3 Kathy's Nail,,Alex,3177,4/21,11:57
https://auranailsspaspring.com,77388SE1 PROX3 Aura Nails Spa,,Tony,3099,4/22,10:21
https://k3nailsspa.macmarketing.us/,95035SE1 PROX3 K3 Nails & Spa,,Lucas,2991,4/22,11:46
https://daisynailelakestreet.com,55406SE1 PROX3 Daisy Nail,,Davis,3109,4/22,11:53
https://upscalenailsbar.macmarketing.us/,76135SE1 PROX3 Upscale Nails Bar,,Alex,3033,4/22,11:53
https://nailspatexashouston.com,77095SE1 PROX3 NAIL SPA TEXAS,,Allen,3084,4/22,14:48
https://nailologynaillounge.macmarketing.us/,37069F00 NAILOLOGY NAIL LOUNGE,,Lucas,3081,4/22,16:21
https://royalnailsdavenport.com,52807SEM PROX4 ROYAL NAILS DAVENPORT,,Tony,3088,4/23,10:04
https://phoenixnailslounge.macmarketing.us/,32828S00 PHOENIX NAILS LOUNGE,,Lucas,3172,4/23,11:19
https://3dbellanails.com,90638SE1 PROX3 3D BELLA NAILS,,Davis,3107,4/23,11:42
https://miraclenailsspahampton.com/,23666SE1 PROX3 MIRACLE NAILS SPA,,Alex,3059,4/23,15:13
https://vietfusionchicago.com,60659SE1 PROC4 VIET FUSION,,Allen,3193,4/23,15:28
https://kre8tionnailsmks.com,66502SE1 PROX3 Kre8tion Nails,,Davis,2978,4/24,11:30
https://zaranailbarhigley.com,85296S00 ZARA NAIL BAR HIGLEY,,Tony,3096,4/24,11:37
https://iconicnailbargreenville.com/,75206S0M PROX4 ICONIC NAIL BAR,,Lucas,3180,4/24,11:51
https://bellanailsandspagigharbor.com/,98335SE1 PROX3 Bella Nails & Spa,,Alex,3045,4/24,11:55
https://ksnailsin.com,46236SE1 PROX3 K'S NAILS,,Allen,3092,4/24,15:48
https://bellavistanailsandspa.com,78250SE1 PROX3 BELLA VISTA NAILS AND SPA,,Allen,162,4/28,10:35
https://demo.thelilypadspa.com/,23831SE1 PROX3 THE LILY PAD SPA & NAIL SALON,,Tony,3112,4/28,10:49
https://hhnailsandlash.com/,48152F00 H&H NAILS AND LASHES,,Leo,3173,4/28,10:52
https://gladewaternailsspa.com/,75647SE1 PROX3 GLADEWATER NAILS & SPA,,Lucas,3016,4/28,11:03
https://nailsbyannavo.com,53545SE1 PROX3 Nails By Anna Vo,,,3160,,
https://thebeenail.com/,84790SE1 PROX3 THE BEE NAIL,,Leo,3168,4/28,14:32
https://deluxenailsormondbeach.com/,32174SE1 PROX3 Deluxe Nails & Spa,,Lucas,3106,4/28,17:08
https://kandknailsandspa.com,92103SE1 PROX3 K & K Nails & Spa,,Tony,3175,4/29,9:44
https://artisticnailandspa.com,99503SE1 ARTISTIC NAIL & SPA (QR CODE MENU REVIEW),,Allen,3083,4/29,9:45
https://polishbythesea.com,93923SE1 PROX3 Polished By The Sea,,Davis,3032,4/29,11:25
https://champagnenailsnashville.macmarketing.us/,37209S0M PROX4 CHAMPAGNE NAILS,,Allen,3157,4/29,14:34
https://polishnailbarparkcity.com/qr-code-84060,8406000M POLISH NAIL BAR,,Allen,3110,4/24,16:59
https://wondrnaillounge.com/,78640SEM PROX4 WONDR NAIL LOUNGE,,Lucas,3111,5/4,9:14
https://pinknailspagreenville.com,29611SE1 PROX3 PINK NAIL & SPA,,Davis,3061,5/4,11:29
https://ascendnailspaunioncity.com/,30291SE1 PROX3 ASCEND NAIL SPA,,Alex,3077,5/4,11:58
https://vietnailsspa.com,98466SE1 PROX3 VIET NAILS,,Allen,3166,5/4,15:16
https://t4nailspa.com,92845SE1 PROX3 T4 NAIL BAR,,Tony,3182,5/4,11:51
https://kntnailsms.com/,39428SE1 PROX3 K&T NAILS,,Lucas,3128,5/5,10:00
https://annnailsspawinfield.com,46307SE1 PROX3 ANN NAILS & SPA,,Davis,3195,5/5,11:04
https://beautyzonenailspa.com,94954SE1 PROX3 BEAUTY ZONE NAIL SPA,,Tony,3050,5/5,11:06
https://tippnailsspa.com,45371SE1 PROX3 TIPP NAILS & SPA,,Allen,3165,5/5,11:39
https://aangelnail.com/,46902SE1 PROX3 A ANGEL NAIL,,Alex,3194,5/5,11:51
https://bbnailsspa.macmar.us/,48098SEM PROX4 BB NAILS & SPA,,Leo,3000,5/5,15:42
https://daynailsspa.macmar.us/,934010CM Day Nails & Spa,,Alex,3162,5/5,15:39
https://nailcreationsmd.com/,21136SEM PROX4 Nail Creations Reisterstown,,Lucas,3210,5/6,9:05
https://nailgardenorlando.com/,32827SE1 PROX3 Nail Garden,,Leo,3211,5/6,10:33
https://amournailspaok.com/,74014SE1 PROX3 AMOUR NAIL AND SPA,,Tony,3174,5/6,10:57
https://noirnailbargtown.com,78628S00 Noir Nail Bar Georgetown,,Davis,3185,5/6,11:13
https://oasisnailoungereno.com/,89511SE1 PROX3 Oasis Nail Lounge,,Alex,3186,5/6,11:55
https://bloomnailsandspaofjackson.com/,49202SE1 PROX3 BLOOM NAILS AND SPA OF JACKSON,,Lucas,3216,5/7,9:29
https://fancynailsseguin.com,78155SE1 PROX3 Fancy Nails & Spa,,Allen,3218,5/7,11:28
https://rednailsparoseville.com,48066SE1 PROX3 RED NAIL SPA,,Davis,3187,5/7,11:32
https://evolvenailstx.com/,76262S00 EVOLVE NAILS,,Alex,3192,5/7,11:48
https://luxurynails78238.com,78238SE1 PROX3 LUXURY NAILS & SPA,,Tony,3227,5/7,11:54
https://mountrosenaillounge.com,89511PE1 PROX3 Mount Rose Nail Lounge,,Allen,3222,5/7,15:52
https://auranailhouseapex.com/,27539SE1 PROX3 AURA NAIL HOUSE,,Lucas,3113,5/7,14:21
https://glamnailbarsalonpomona.com/,91766SE1 PROX3 GLAM NAIL BAR SALON,,Hayden,3221,5/7,17:30
https://auranails.us/,29209SE1 PROX3 AURA NAILS LOUNGE LLP,,Leo,3252,5/7,17:38
https://royalkingnailswa.com/,98107G00 Royal King Nails,,Hayden,3201,5/8,11:31
https://nnnailsalonyonkers.com/,10704SE1 PROX3 NN NAIL SALON,,Leo,3224,5/8,10:57
https://tiffanynailspabeaufort.com/,29907SE1 PROX3 TIFFANY NAILS & SPA,,Lucas,3176,5/8,10:58
https://miladynailsspamiami.com/,33169SEM PROX4 Milady Nails & Spa,,Alex,1723,5/8,11:57
https://happynailsslidell.com,70458SE1 PROX3 Happy Nails,,Davis,3261,5/8,14:01
https://luxurynailspacenterville.com/,45459SEM PROX4 Luxury Nail Spa 1,,Lucas,3034,5/8,14:57
https://toppolishnailsnc.com/,27560SEM PROX4 Top Polish Nails,,Leo,3236,5/11,11:15
https://tdnailsut.com/,84096SE1 PROX3 TD Nails,,Lucas,3225,5/11,11:18
https://brillernailsloungeva.com,23666SE1 PROX3 BRILLER NAILS LOUNGE,,Tony,3208,5/11,11:45
https://mvincenailspanorthfield.com/,80238S00 M VINCE NAIL SPA,,Alex,3214,5/11,11:49
https://nguyenkitchen.com,67212SE1 PROC4 NGUYEN Kitchen,,Allen,3234,5/11,16:07
https://willownailloungetx.com/,75009SEM PROX4 WILLOW NAIL LOUNGE,,Lucas,3094,5/12,8:59
https://lavelanaillounge.com/,34711SE1 PROX3 LA VELA NAIL LOUNGE LLC,,Hayden,3294,5/12,11:04
https://bestnailsandspakc.com/,64119SE1 PROX3 Best Nails and Spa,,Leo,3248,5/12,10:52
https://deluxenailandspa.com,49512SEM PROX4 DELUXE NAILS & SPA,,Tony,3240,5/12,11:05
https://cutielashesnailslawndale.com/,90260SE1 PROX3 Cutie Lashes & Nails,,Alex,3087,5/12,11:48
https://centernailsspama.com,02346SE1 PROX3 Center Nails & Spa,,Tony,3238,5/8,11:05
https://solenaillounge.com,33647SE1 PROX3 SOLÉ NAILS LOUNGE,,Allen,3164,5/12,15:29
https://dreamnailkennesaw.com/,30152SE1 PROX3 DREAM NAILS,,Hayden,3158,5/13,11:51
https://worldluxurynailsandspa.com,92308SE1 PROX3 WORLD LUXURY NAILS AND SPA TECH,,Tony,3223,5/13,11:17
https://cosmonailspatx.com,75098SEM PROX4 COSMO NAIL & SPA,,Allen,3209,5/13,11:09
https://nailspa.macmar.us/,33761SE1 PROX3 NAIL SPA,,Alex,3230,5/13,11:52
https://rumorsnailsspahouston.com/,77095SE1 PROX3 Rumors Nails & Spa,,Leo,3229,5/13,15:14
https://lovelynailsandspand.com/,58201SE1 PROX3 LOVELY NAILS & SPA,,Hayden,3253,5/14,11:46
blissnailsandlash.com,77356SE1 PROX3 Bliss Nails & Lash,,Tony,3200,5/14,10:11
https://skynailsandspa2la.com/,90255SE1 PROX3 SKY NAIL & SPA 2,,Allen,3226,5/14,11:09
https://devibenailloungandsalon.com/,70448SEM PROX4 DEVIBE NAIL LOUNGE & SALON,,Lucas,3197,5/14,9:11
https://solienailbar.com/,37206SEM PROX4 SOLIE NAIL BAR,,Lucas,3266,5/14,9:12
https://artisannailbar.macmar.us/,75126SE1 PROX3 ARTISAN NAIL BAR,,Alex,3254,5/14,11:55
https://tracynailsspaohio.com/,43228SE1 PROX3 TRACY NAILS,,Leo,3237,5/14,15:01
https://laninailswc.com/,77486SE1 PROX3 LANI NAILS,,Allen,3322,5/19,15:22
https://sunsetnailslashes.com/,34952SE1 PROX3 SUNSET NAILS & LASHES,,Hayden,3257,5/15,11:36
https://moohnailsbartx.com/,78729SE1 PROX3 MOO:H Nails Bar,,Allen,3298,5/15,11:19
https://tanglewoodnoa.macmar.us/,77057SE1 PROX3 NAILS OF AMERICA TANGLEWOOD,,Tony,3243,5/15,11:38
https://sunhutnails2.com/,77566SE1 PROX3 SUN HUT NAILS #2,,Leo,3299,5/15,11:36
https://comfortnailredmond.com/,98052SE1 PROX3 Comfort Nail & Spa,,Alex,3246,5/15,14:19
https://demo.highfivenailbardallas.com/,75219SE0 High Five Nail Bar,,Hayden,3264,5/18,11:50
https://lavishnails.macmar.us/,28451SE1 PROX3 Lavish Nails,,Lucas,3104,5/18,9:27
https://ironpan808.com,96826SE1 PROC4 IRON PAN,,Tony,3301,5/18,11:12
https://rednailsraleigh.macmar.us/,27606S00 RED NAILS,,Alex,3302,5/18,11:34
https://vnspanailsandlashes.com/,30071SE1 PROX3 VN Spa Nails & Lashes,,Allen,3296,5/18,11:27
https://luxetipslounge.com/,24502SE1 PROX3 LUXE TIPS LOUNGE,,Leo,3307,5/18,11:55
https://luxurynailbarsouthcarolina.com/,29307SE1 PROX3 Luxury Nail Bar,,Hayden,3242,5/19,14:21
https://demo.thenailloftdc.com/,20001SEM PROX4 The Nail Loft DC,,Lucas,1568,5/19,10:08
https://hollywoodnailsweymouth.com,02190SE1 PROX3 HOLLYWOOD NAILS,,Tony,3320,5/19,10:36
https://watkinsparknailsspa.com/,20774SE0 WATKINS PARK NAILS & SPA,,Allen,2961,5/14,10:46
https://jazminenailsandspa.com/,77957SE1 PROX3 JAZMINE NAILS & SPA,,Leo,3255,5/19,10:55
https://herbalnailspanc.com/,27513SE1 PROX3 Soho Nail & Spa,,Alex,3170,5/19,13:58
https://qr.macmarketing.us/75035-dn-nail-bar-lashes,750350EM D&N Nail Bar & Lashes,,Allen,3161,5/12,15:58
https://noblenailsandspasurprise.com/,85387SE1 PROX3 Noble nails & Spa,,Hayden,3321,5/20,11:04
https://gaianailsoakley.com/,94561SEM PROX4 Gaia Nails Organic Beauty,,Lucas,3250,5/20,9:25
https://organicnailsandspami.com/,48313SE1 PROX3 ORGANIC NAILS & SPA,,Allen,3339,5/20,10:46
https://kimnailswr.com,31093SE1 PROX3 KIM NAILS,,Tony,3263,5/20,11:44
https://elitenailsgallery.macmar.us/,85388SEM PROX4 Elite Nails Gallery,,Alex,3265,5/21,11:50
https://jjjhairandnailsalon.com/,32935SE1 PROX3 JJJ HAIR AND NAIL SALON,,Leo,3330,5/20,14:45
https://poshnailssalonspainsugarloaf.com/,30044SEM PROX4 Posh Nails Salon & Spa in Sugarloaf,,Hayden,3239,5/22,10:28
https://supernailspawilliamstown.com/,26187SE1 PROX3 Super Nail Spa,,Leo,3183,5/21,10:49
https://captaincooksalon.com/,96704SE0 CAPTAIN COOK SALON,,Lucas,3220,5/21,10:59
https://beverlydayspa.macmar.us/,01915SEM PROX4 Beverly Day Spa,,Tony,3527,5/21,11:26
https://glowzynailbar.macmar.us/,91709SE1 PROX3 GLOWZY NAIL BAR,,Alex,3308,5/22,11:48
https://iconicnailloungeor.com/,97402SE1 PROX3 ICONIC NAIL LOUNGE LASHES & BROWS,,Leo,3334,5/21,14:26
https://vnailbarcollegeparkway.com/,33919SEM PROX4 V NAIL BAR,,Hayden,3318,5/22,10:07
https://vsnailandspaaubrey.com/,76227SE1 PROX3 VS Nail & Spa,,Lucas,3310,5/22,10:22
https://noirenailsbarmiamigardens.com,33015SE1 PROX3 Noire Nails Bar Miami Gardens,,Tony,3108,5/22,11:38
https://vnailbargoosecreek.com/,29445SEM PROX4 V Nail Bar (Only MKT),,Alex,3543,5/22,14:29
https://baytownenails.com/,61822SE1 PROX3 BAYTOWNE NAILS,,Allen,3311,5/22,14:29
https://preciouspearlredondo.com/,90277SE1 PROX3 PRECIOUS PEARL NAILS & SPA,,Hayden,3525,5/23,12:08
https://hdnailsforyou.com,78247SE1 PROX3 HD NAILS FOR YOU,,Tony,3528,5/25,10:16
https://hmnailsmi.com/,48076SE1 PROX3 H & M NAILS & SPA,,Allen,3258,5/25,11:33
https://milanonailspaflowermound.macmar.us/,75028PS0 Milano Nail Spa Flower Mound,,Alex,3624,5/25,11:53
https://nailsdesignspa.com/,80920SE1 PROX3 Nails Design & Spa,,Leo,3259,5/25,10:52
https://rbnailspa.net/,34748SE1 PROX3 R&B NAIL SPA,,Hayden,3317,5/26,10:34
https://lancasternailspa.macmar.us/,43130SE1 PROX3 LANCASTER NAIL & SPA,,Allen,3328,5/25,15:21
https://pearlnailslounge.macmar.us/,41017SEM PROX4 PEARL NAILS LOUNGE,,Hayden,3179,5/27,11:10
https://lotusheadspa.macmar.us/,70130SE1 PROX3 Lotus Head Spa,,Leo,3292,5/25,17:03
https://thenaturalnailportland.com/,97204SE1 PROX3 THE NATURAL NAIL,,Hayden,3565,5/26,14:26
https://extremenailandspalittleton.com/,80123SEM PROX4 EXTREME NAILS & SPA,,Allen,3536,5/26,10:44
https://ambernailspadestrehan.com/,70047SE1 PROX3 AMBER NAIL SPA,,Lucas,3535,5/26,11:17
https://worldnailsne.com,68512SEM PROX4 WORLD'S NAILS,,Tony,3295,5/26,11:19
https://naillabhighland.com/,46322SE1 PROX3 Nail Lab 219,,Alex,3526,5/26,11:48
https://noirethenailbarsanford.com/,32771SE1 PROX3 Noire The Nail Bar,,Allen,3233,5/27,11:01
https://luxnailbarverobeach.com/,32966SE1 PROX3 Lux Nail Bar,,Leo,3539,5/27,11:03
https://demo.springnailszupans.com/,97219SEM PROX4 Spring Nails,,Tony,3126,5/27,11:43
https://blushluxenail.macmar.us/,29072SE1 PROX3 BLUSH & LUXE NAILS LOUNGE,,Lucas,3537,5/27,9:17
https://urbannailsorlandpark.com/,60462SE1 PROX3 Urban Nails,,Alex,3293,5/27,11:45
demo.nailboxallen.com,75013SE1 PROX3 NAIL BOX SALON ALLEN,,Hayden,3315,5/28,10:57
https://venusnailspafortworth.com/,76132SE1 PROX3 Venus Nail Spa,,Allen,3283,5/28,10:30
https://greatlakesnails.com/,48154SE1 PROX3 Great Lakes Nails,,Lucas,3547,5/28,9:32
https://fancynailsboutique.macmar.us/,78240SEM PROX4 Fancy Nails Boutique,,Tony,3304,5/28,10:49
https://nailcare.macmar.us/,36832SE1 PROX3 NAIL CARE,,Hayden,3309,5/28,14:32
https://nailsspatoday.com/,77382SEM PROX4 NAILS & SPA TODAY,,Allen,3550,5/28,11:25
https://kinghaircutssalon.com/,95122SEM PROX4 King Haircuts Salon,,Leo,3566,5/28,11:24
https://qbnailsloungeconroe.macmar.us/,77304SE1 PROX3 QB NAILS & LOUNGE (2),,Lucas,3306,5/29,9:20
https://bellaempirenaillounge.com,15017SE1 PROX3 BELLA EMPIRE NAIL LOUNGE,,Tony,3551,5/29,11:28
https://qbnailsloungetomball.macmar.us/,77375SE1 PROX3 QB NAILS & LOUNGE (1),,Alex,3305,5/29,11:48
https://citrisnailspa.macmar.us/,77007SE1 PROX3 Citris Nail Spa - The Heights,,Leo,3553,5/29,13:54
tiffanynailslashseattle.com,98146SEM PROX4 Tiffany Nail Salon,,Hayden,3575,6/1,14:55
https://herbalnailsportsmouthnh.com/,03801SE1 PROX3 Herbal Nails,,Lucas,3316,6/1,9:20
https://siamnailsmontgomery.com/,36117SE1 PROX3 SIAM NAILS,,Allen,3564,6/1,10:30
https://lanailsandspavanplace.com/,49316SE1 PROX3 LA Nails & Spa Van Place,,Tony,3245,6/1,11:22
https://knoxsapphirenailloungedallas.com/,75205SE1 PROX3 KNOX SAPPHIRE NAIL LOUNGE,,Alex,3219,6/1,11:53
https://sissynails.com/,32119SE1 PROX3 SISSY NAILS,,Leo,3336,6/1,10:20
https://qnail.macmar.us/,88310SE1 PROX3 Q NAILS,,Leo,3574,6/2,11:57
https://bellalifestylenailsalonspa.macmar.us/,20737SEM PROX4 Bella Lifestyle Nail Salon & Spa,,Hayden,3538,6/2,10:10
https://coconailbarbenhillgriffin.macmar.us/,33928SEM PROX4 CoCo Nail Bar Ben Hill Griffin,,Lucas,3560,6/2,9:19
https://expertnailsandspaorlando.com/,32828SE1 PROX3 Expert Nails & Spa,,Alex,3541,6/2,11:52
https://nailatelierorlandpark.com/,60467SE1 PROX3 NAIL ATELIER,,Allen,3533,6/2,11:39
https://rubynailsspamuncie.com,47303SE1 PROX3 RUBY NAILS & SPA,,Tony,3573,6/2,11:20
nevasbeauty.macmar.us,94123SE1 PROX3 Neva's Beauty,,Alex,3529,6/3,13:35
https://swannailsspagrandville.com/,49418SEM PROX4 SWAN NAILS SPA GRANDVILLE LLC,,Allen,3337,6/3,11:50
https://1nailsandspa.macmar.us/,83651SE1 PROX3 #1 NAILS AND SPA,,Lucas,3567,6/3,10:24
https://arianailsandspa.com,98335SE1 PROX3 Olympic Nails Spa LLC,,Tony,3101,6/3,10:23
https://avonnails.macmar.us/,61938SE1 PROX3 AVON NAILS,,Leo,3578,6/3,10:07
https://nicenailsandspa.com/,36301SE1 PROX3 Nice Nails & Spa,,Hayden,3568,6/3,11:26
https://amazonnailsbargraham.macmar.us,98338SE1 PROX3 Amazon Nails Bar,,Hayden,3563,6/4,12:00
https://yvonnenailsspa.com/,78247SEM PROX4 Yvonne Nails & Spa,,Allen,3540,6/4,11:20
https://pinkandwhitenailsspa.com/,32976SE1 PROX3 PINK&WHITE NAILS SPA,,Lucas,3596,6/4,10:21
https://eunoianailspa.com/,90232SE1 PROX3 EUNOIA NAIL & SPA,,Leo,3583,6/4,11:59
https://diannailsherriman.com,84096SE1 PROX3 Dian Nails,,Tony,3581,6/4,11:48
https://modernenailspa.com/,33181SE1 PROX3 MODERNE NAIL SPA,,Hayden,3545,6/8,11:06
https://nailboutiquespakingsland.com,31548SE1 PROX3 NAIL BOUTIQUE & SPA,,Tony,3597,6/5,11:16
https://luxxnailsnbeyond.com/,33625SE1 PROX3 Luxx Nails N Beyond,,Lucas,3082,6/5,10:56
https://beautynailssummerville.com/,29486SE1 PROX3 Beauty Nails,,Allen,3605,6/5,14:30
https://nolanailsspaoakcreek.com/,53154PE1 PROX3 Nola Nails & Spa,,Alex,3579,6/5,14:32
https://nailsbyvivianmonticello.com/,31064SE1 PROX3 NAILS BY VIVIAN,,Hayden,3576,6/8,14:10
https://rosegoldnailbar.macmar.us/,75115SE1 PROX3 ROSE GOLD NAIL BAR,,Tony,3590,6/8,11:13
https://bellasbeautystudio.macmar.us/,03038SE1 PROX3 Bella Beauty Studio,,Lucas,3331,6/8,10:43
https://twinklenailspafl.macmar.us/,34786SE1 PROX3 Twinkle Nail Spa,,Leo,3558,6/8,11:43
https://maisonnaillougneva.com/,23005SE1 PROX3 MAISON NAIL LOUNGE,,Alex,3594,6/8,11:54
https://naturalnailsandlashes.com/,85308SE1 PROX3 NATURAL NAILS AND LASHES,,Allen,3335,6/8,15:12
https://nailbartexaskaty.macmar.us/,7744900M NAIL BAR OF TEXAS KATY,,Lucas,3584,6/8,15:36
https://rubynailsandspafranklin.com,37064SE1 PROX3 RUBY'S NAILS AND SPA,,Tony,3532,6/9,10:20
https://8prettynailsspa.macmar.us/,85374S00 8 PRETTY NAILS & SPA 1,,Alex,3557,6/9,14:19
https://glowbeautynails.macmar.us/,80487SE1 PROX3 GLOW NAIL BOUTIQUE,,Leo,3582,6/9,10:27
https://nikkinailsflorissantmo.macmar.us/,63031SE1 PROX3 Nikki Nails And Spa,,Leo,3542,6/9,14:21
https://laduenailspa.macmar.us/,63117SE1 PROX3 Ladue Nails & Spa,,Allen,3572,6/9,15:15
https://classynailandspa.com/,35802SEM PROX4 CLASSY NAILS,,Lucas,3562,6/9,15:22
nailsnowspa.macmar.us,43615SE1 PROX3 NAILS NOW SPA,,Hayden,3599,6/10,10:51
https://alnailsloungewalpole.com/,02081SE1 PROX3 AL Nails Lounge,,Leo,3604,6/10,10:36
https://secretnailspa.macmar.us/,02601SE1 PROX3 Secret Nails & Spa,,Allen,3619,6/10,12:04
https://nailsboutiquespatroy.macmar.us/,36081SE1 PROX3 Nails Boutique Spa,,Alex,3555,6/10,11:59
https://venetiannaillash.macmar.us,77493SE1 PROX3 The Venetian Nail Salon and Lashes,,Tony,3556,6/10,11:14
https://paradisenailandspa.macmar.us/,48094SE1 PROX3 Paraside Nails & Spa,,Lucas,3598,6/10,11:02
https://nailsprochesterfield.com/,63017SE1 PROX3 NAILS PRO,,Hayden,3312,6/10,17:13
https://glonaillashbar.macmar.us/,34787SE1 PROX3 Glo Nail Lash Bar,,Hayden,3633,6/11,15:50
https://kingnailswestpalmbeach.com/,33409SEM PROX4 KING NAILS,,Leo,3601,6/11,11:36
https://soconailsspa.macmar.us/,78704SE1 PROX3 SOCO NAILS SPA,,Lucas,3616,6/11,9:49
https://blossomnailsartlagrange.com/,40031SEM PROX4 Aviena Nails & Spa,,Alex,3609,6/11,14:17
https://sisterauranailandspa.com/,94541SE1 PROX3 SISTER AURA NAIL AND SPA,,Allen,3625,6/11,16:00
https://sonnynails.com/,46321SE1 PROX3 SONNY'S NAILS,,Hayden,3593,6/12,11:18
https://bhnailsspa.com/,48089SE1 PROX3 BH NAILS & SPA,,Lucas,3333,6/12,10:19
https://solarnailathens.macmar.us/,35613SE1 PROX3 Solar Nail & Spa,,Allen,3559,6/12,10:30
https://demo.perfectnailsspa.us/,76308SE1 PROX3 Perfect Nail & Spa,,Alex,1244,6/12,11:50
https://haloranailsalontucson.com/,85704SE1 PROX3 Halora Nail Salon,,Leo,3595,6/12,15:27
https://demo.lrnailbar.com/,72223SE1 PROX3 LR Nail Bar,,Hayden,2846,6/15,11:31
https://popularnailssalonca.com,92008SE1 PROX3 Popular Nails Salon,,Tony,3603,6/15,11:09
https://birkinnailslashes.macmar.us/,89183SE1 PROX3 BIRKIN NAILS,,Alex,3632,6/15,11:43
https://adorenatick.com/,01760SE1 PROX3 ADORE NAILS AND SPA,,Leo,3626,6/15,10:27
https://nailsbarandlashes.com/,01702SEM PROX4 Nails Bar and Lashes,,Allen,3607,6/15,10:47
https://noirenailbarva.com/,23111S00 NOIRE NAIL BAR,,Lucas,3635,6/15,9:46
creativenailsandspaca.com,95835SE1 PROX3 Creative Nails & Spa,,Hayden,3472,6/16,11:40
https://auranailslynnwood.com/,98087SE1 PROX3 Aura Nails,,Allen,3634,6/16,10:27
https://lisanailsga.com/,30011SEM PROX4 LISA NAILS,,Lucas,2943,6/16,9:39
https://bellavnailsparker.macmar.us/,80134SE1 PROX3 BELLA V NAILS & SPA,,Tony,3569,6/16,11:19
https://uniquespringnails.com/,32708SE1 PROX3 Unique Spring Nails,,Alex,3544,6/16,11:35
https://luxurynailwestsac.macmar.us/,95691SE1 PROX3 Luxury Nails,,Leo,3256,6/16,10:59
https://coconail5sarasota.com,34231SE1 PROX3 COCO NAIL 5,,Tony,3618,6/17,11:39
https://11thnailspa.macmar.us/,37075SE1 PROX3 11TH NAIL SPA HENDERSONVILLE,,Alex,3627,6/17,13:59
https://sunshinenailswimauma.macmar.us/,33598SE1 PROX3 SUNSHINE NAILS & SPA,,Allen,3646,6/17,14:30
https://walpolenailsspa.macmar.us/,02081SE1 PROX3 Walpole Nails & Spa,,Lucas,3636,6/17,9:36
https://nailsnowandspatemecula.com,92591SE1 PROX3 Nails Now & Spa,,Tony,3612,6/18,10:38
https://1stpreciousnailsbar.com/,32746SE1 PROX3 Tipsy Nail & Salonbar,,Lucas,3630,6/18,11:08
https://pritinails.com/,98087SE1 PROX3 PRITI NAILS,,Alex,3621,6/18,13:50
https://planetnailsva.com/,23453SE1 PROX3 Planet Nails,,Allen,3642,6/17,16:21
https://luvishnails.macmar.us/,77005SE1 PROX3 Luvish Nails Lounge,,Tony,3663,6/19,10:42
https://maisonlenail.macmar.us/,37064SE1 PROX3 MAISON LE NAIL,,Lucas,3659,6/19,12:00
https://aeralashesandnailshouse.com/,98338SE1 PROX3 Aera Lashes And Nails House,,Alex,3640,6/19,11:58
https://ltnaillounge.macmar.us/,60014SCM PROX5 LT NAIL LOUNGE,,Allen,3652,6/19,14:41
https://cspama.com/,02026SEM PROX4 C SPA,,Tony,3639,6/22,11:55
https://amournailsandspasalon.com/,07002SE1 PROX3 AMOUR NAILS & SPA SALON,,Lucas,3645,6/22,12:00
https://citynailsroseville.com/,48066SEM PROX4 BH NAILS SPA ROSEVILLE,,Leo,3641,6/22,12:00
https://tipsntoesnailsspa.com/,23434SE1 PROX3 TIPS N TOES NAILS SPA,,Allen,3655,6/22,14:30
https://dvinenailsplainfield.macmar.us/,60544SE1 PROX3 D'VINE NAILS,,Tony,3552,6/23,11:41
https://usasalontx.com/,77429SE1 PROX3 USA SALON,,Lucas,3658,6/23,11:15
https://snalisspa.com/,35242SEM PROX4 S Nails & Spa,,Alex,3561,6/23,12:00
https://sydneynailelmhurst.com/,60126SE1 PROX3 SYDNEY NAIL,,Allen,3662,6/23,13:57
https://savvynailsspa.com,08755SEM PROX4 SAVVY NAILS & SPA,,Allen,3620,6/24,14:30
https://milanailsdallas.com/,75218SE1 PROX3 NAILS STAR,,Lucas,3097,6/24,10:10
https://nailimagephilly.com,19122SE1 PROX3 NAIL IMAGE,,Tony,3664,6/24,11:01
https://finestnailsclearlake.com,95422SE1 PROX3 FINEST NAILS,,,3676,,
https://creativenailspatx.macmar.us/,76051SE1 PROX3 Creative Nails & Spa,,Lucas,3674,6/25,12:00
https://serenitynailsspahumble.com/,77396SE1 PROX3 SERENITY NAILS SPA,,Alex,3682,6/25,11:59
https://goldenrosenailsandspa.com/,08012P00 Golden Rose Nails And Spa,,Tony,3657,6/25,12:00
https://bloomnailsspa.macmar.us,cPROX4 BLOOM NAILS & SPA NORTH LLC,,Lucas,3065,6/26,10:35
https://bloomnailsspallc.macmar.us/,64081SEM PROX4 BLOOM NAILS & SPA NORTH LLC,,Tony,3064,6/29,11:50
https://nailofamericameyerland.com/,77096SCM PROX5 Nail of America Meyerland,,Alex,1283,6/26,11:51
https://lavishhollysprings.com/,27540SE1 PROX3 LAVISH NAILS SPA,,Hayden,3683,6/26,11:00
https://lanoirnailbarstillwater.com,55082F00 La’Noir Nail Bar - Stillwater,,Lucas,479,6/29,11:14
https://hotnailsalon.macmar.us/,91303SE1 PROX3 Hot Nail Salon,,Alex,3665,6/29,14:22
https://venicenailbaralgonquin.macmar.us/,60102SCM PROX5 VENICE NAIL BAR,,Lucas,3631,6/29,15:33
https://headspatiffany.macmar.us/,77840SE1 PROX3 HEADSPA TIFFANY BEAUTY,,Tony,3606,6/26,12:00
https://rougesalonspa.com/,08234SE1 PROX3 ROUGE SALON & SPA,,Allen,3613,6/25,14:30
https://mlamournailspa.com/,60119SE1 PROX3 M’Lamour Nail Spa,,Leo,3669,6/29,15:11
https://leposhnails.macmar.us/,29715SE1 PROX3 LE POSH NAILS,,Hayden,3710,6/29,12:00
https://vtluxurynails.macmar.us/,32541SE1 PROX3 VT Luxury Nails,,Leo,3667,6/30,12:00
https://royalnailsspa.macmar.us,15017SEM PROX4 ROYAL NAILS & SPA,,Lucas,3638,6/30,10:35
https://tinynailandspa.com,34744SEM PROX4 Tiny Nail & Spa,,Tony,3690,6/30,11:09
https://lotusnailsandspabeaumont.com,77713SE1 PROX3 LOTUS NAILS & SPA,,Alex,3692,6/30,11:54
https://laspareading.com/,19610SE1 PROX3 La Spa & Nail Bar,,Allen,3654,6/29,12:00
